team id,team name,campaign name,partner name,placement name,device type,blocking status,measured impressions,total impressions,% measured,% see-through,% passed,% failed,% failed by content,% failed by geo,% failed by keyword,% failed by blacklist,% failed by language,% fraud,total viewable rate (total net metrics),total viewable display rate (total net metrics),total viewable video rate (total net metrics),% display ads in view (groupm),% video ads in view (groupm),% display ads in view (publicis),% video ads in view (publicis)
1204,Garage Team Mazda - IM,FY152_OLA1_BRD_IM_Upfront,N/A,N/A,N/A,Mixed,455644797,538872288,0.901148164474,0.965198679877,0.92954895465,0.0704510453505,0.00762832138809,0.0103819385865,0.0283464901428,0.00433772537956,0.0,0.0206305505916,0.491596314662,0.491596314662,NULL,0.0,NULL,0.0,NULL
1204,Garage Team Mazda - IM,FY152_OLA1_BRD_IM_PM,N/A,N/A,N/A,Mixed,180161057,213390828,0.897268709355,0.908191461725,0.902256136332,0.0977438636678,0.0164570147317,0.0149018073073,0.0309469767838,0.0201403033124,0.0,0.0169183372774,0.564922928932,0.564922928932,NULL,0.0,NULL,0.0,NULL
1204,Garage Team Mazda - IM,FY152_OLA1_BRD_IM_Amazon,N/A,N/A,N/A,Mixed,5989061,11608275,0.523252020559,0.617999228998,0.964260581353,0.0357394186475,1.46447254222e-06,0.0236967163511,6.89163549278e-07,0.0,0.0,0.0121277278493,0.227893988724,0.227893988724,NULL,0.0,NULL,0.0,NULL
1204,Garage Team Mazda - IM,FY152_OLA1_CPO_IM_Upfront,N/A,N/A,N/A,Monitoring,3119271,3212775,0.991118519406,0.989744691116,0.953748395079,0.046251604921,6.2251480418e-07,0.0246988973707,0.00127646660597,0.0,0.0,0.0204038564792,0.592478178395,0.592478178395,NULL,0.0,NULL,0.0,NULL
