team id,team name,campaign name,partner name,placement name,device type,blocking status,measured impressions,total impressions,% measured,% see-through,% passed,% failed,% failed by content,% failed by geo,% failed by keyword,% failed by blacklist,% failed by language,% fraud,total viewable rate (total net metrics),total viewable display rate (total net metrics),total viewable video rate (total net metrics),% display ads in view (groupm),% video ads in view (groupm),% display ads in view (publicis),% video ads in view (publicis)
9836,MediaCom_Playstation,N/A,N/A,N/A,N/A,Mixed,449588294,572429262,0.80605087236,0.871523760433,0.953156669688,0.0468433303118,0.0233426501526,0.00318894599068,5.06927264665e-05,0.00332120512735,0.0,0.0177155146901,0.527402566224,0.517927831236,0.614357738928,0.303311086815,0.318900235055,0.0,0.0
2610,Universal McCann - Sony Pictures,N/A,N/A,N/A,N/A,Mixed,214565637,348631723,0.631426647014,0.719980089133,0.954802371785,0.0451976282147,0.0186611331408,0.0141514976249,0.000584284178867,0.0,0.0,0.0122018414257,0.561861403744,0.558171493202,0.659647385989,0.0,0.0,0.0,0.0
10123,Mediacom UK - Sony Playstation,N/A,N/A,N/A,N/A,Mixed,113896893,132510137,0.937012506768,0.971632962692,0.904165279068,0.0958347209316,0.0711869764349,0.000297418755216,0.0,0.0167937265056,0.0,0.00834670482606,0.514833534572,0.511754779459,0.528103772509,0.290408214209,0.0896755111244,0.0,0.0
6841,UM LA - Sony Electronics,N/A,N/A,N/A,N/A,Mixed,69139735,100530021,0.753579669742,0.66526951188,0.870778331977,0.129221668023,0.0251069081145,0.0245445188955,0.0,0.0,0.0,0.0814571002626,0.415920975109,0.415392783648,0.739352595208,0.0,0.0,0.0,0.0
5133,MGOMD UK - Sony Pictures,N/A,N/A,N/A,N/A,Mixed,9819855,13171028,0.748743053819,0.943289544294,0.910242693281,0.089757306719,0.022478427652,0.0130857667298,0.0447517080671,0.000974183640032,0.0,0.00421166821603,0.553126089947,0.47033259212,0.803651908462,0.0,0.0,0.0,0.0
10248,OMD DE - Sony Pictures - EU/DE,N/A,N/A,N/A,N/A,Monitoring,5448686,7974733,0.688923634186,0.908677945707,0.923367214927,0.0766327850726,0.00756125628281,0.0613343418519,0.0,0.0,0.0,0.00823801875248,0.616472852354,0.616472852354,NULL,0.0,NULL,0.0,NULL
4231,Mediacom UK - Sony,N/A,N/A,N/A,N/A,Monitoring,2146292,2165480,0.99932905999,0.963935016717,0.852947614386,0.147052385614,0.04753911373,0.000654358387055,0.0165667657979,0.0750978997728,0.0,0.00819356447531,0.633442234328,NULL,0.63191031665,0.61248580896,0.0932811361438,0.0,0.0
