team id,team name,campaign name,partner name,placement name,device type,blocking status,measured impressions,total impressions,% measured,% see-through,% passed,% failed,% failed by content,% failed by geo,% failed by keyword,% failed by blacklist,% failed by language,% fraud,total viewable rate (total net metrics),total viewable display rate (total net metrics),total viewable video rate (total net metrics),% display ads in view (groupm),% video ads in view (groupm),% display ads in view (publicis),% video ads in view (publicis)
8831,Digitas - HPE,2018 DG - AMS - Campaign 6 - Display,N/A,N/A,N/A,Monitoring,8164648,8689650,0.958808560011,0.902419545091,0.891880340405,0.108119659595,0.07392725829,0.000671258336066,0.0146223380689,0.000268595397973,0.0,0.0200456865351,0.821856986364,0.821856986364,NULL,0.0,NULL,0.0,NULL
8831,Digitas - HPE,2018 DG - AMS - Campaign 2 - Display,N/A,N/A,N/A,Monitoring,7931855,8539748,0.947398929128,0.928670026329,0.820692249935,0.179307750065,0.138549053204,0.00148353323775,0.0159529297586,0.005936357841,0.0,0.0195866435403,0.764349575225,0.764349575225,NULL,0.0,NULL,0.0,NULL
8831,Digitas - HPE,c1_eg_d&m_us_fy18_yeasayers 20305_display,N/A,N/A,N/A,Monitoring,2124430,2191292,0.986985027253,0.936845021111,0.915751985587,0.0842480144134,0.010563174602,0.043275839094,0.0129489816966,0.000101766446462,0.0,0.0177571040281,0.679109219885,0.628985761873,0.780782334745,0.0,0.0,0.0,0.0
8831,Digitas - HPE,HPE | 2018 DG - AMS - Campaign 5 - Display,N/A,N/A,N/A,Monitoring,1773220,1942072,0.928091514276,0.931574627511,0.838905045745,0.161094954255,0.0435771691266,0.0602469939323,0.0227010121149,0.0197984420763,0.0,0.0161734477404,0.675184128309,0.675184128309,NULL,0.0,NULL,0.0,NULL
8831,Digitas - HPE,HPE | 2018 DG - AMS - Campaign 8 - Display,N/A,N/A,N/A,Monitoring,1503243,1623070,0.95097061767,0.912299531135,0.817724435791,0.182275564209,0.11254166487,0.0365837579402,0.00908833260426,0.000504599308717,0.0,0.0260487840943,0.769487700924,0.769487700924,NULL,0.0,NULL,0.0,NULL
8831,Digitas - HPE,HPE | 2018 Q1 - DG - AMS - All - BANT Program,N/A,N/A,N/A,Monitoring,189255,221554,0.868261687388,0.68294862652,0.893646695614,0.106353304386,0.0813074916273,0.0025682226455,0.00652211199076,0.000505520098938,0.0,0.016176643166,0.687067712874,0.687067712874,NULL,0.0,NULL,0.0,NULL
