team id,team name,campaign name,partner name,placement name,device type,blocking status,measured impressions,total impressions,% measured,% see-through,% passed,% failed,% failed by content,% failed by geo,% failed by keyword,% failed by blacklist,% failed by language,% fraud,total viewable rate (total net metrics),total viewable display rate (total net metrics),total viewable video rate (total net metrics),% display ads in view (groupm),% video ads in view (groupm),% display ads in view (publicis),% video ads in view (publicis)
3939,Initiative_LifeLock,2017 LifeLock Prospecting Campaign,N/A,N/A,N/A,Mixed,39091037,50837128,0.810711027387,0.923271570337,0.946622476392,0.0533775236083,0.00575455403382,0.0109557723245,0.000355055462614,0.00154357657655,0.0,0.0350836302161,0.335765843203,0.335765843203,NULL,0.0,NULL,0.0,NULL
3939,Initiative_LifeLock,2017 LifeLock Retargeting Campaign,N/A,N/A,N/A,Monitoring,9280619,10647306,0.905461932353,0.944548226565,0.926493518642,0.0735064813578,0.00634254336261,0.022831690946,0.000210006174332,0.00750311862926,0.0,0.0373053052105,0.565485556513,0.565485556513,NULL,0.0,NULL,0.0,NULL
3939,Initiative_LifeLock,2017 LifeLock Enterprise Campaign,N/A,N/A,N/A,Monitoring,719159,800470,0.916401618831,0.949067422889,0.955764738216,0.0442352617837,0.00455232550876,0.0142753632241,0.000337301835172,0.00568665908779,0.0,0.019608480018,0.546632942089,0.546632942089,NULL,0.0,NULL,0.0,NULL
3939,Initiative_LifeLock,2017 LifeLock at Work Campaign,N/A,N/A,N/A,Blocking,97133,150342,0.845215408846,0.88246132152,0.764397174442,0.235602825558,0.0184313099467,0.0491812001969,8.64695161698e-05,0.00689760678985,0.0,0.164770988812,0.671810816098,0.671810816098,NULL,0.0,NULL,0.0,NULL
