team id,team name,campaign name,partner name,placement name,device type,blocking status,measured impressions,total impressions,% measured,% see-through,% passed,% failed,% failed by content,% failed by geo,% failed by keyword,% failed by blacklist,% failed by language,% fraud,total viewable rate (total net metrics),total viewable display rate (total net metrics),total viewable video rate (total net metrics),% display ads in view (groupm),% video ads in view (groupm),% display ads in view (publicis),% video ads in view (publicis)
7414,Lavidge_AAA,N/A,N/A,N/A,N/A,Blocking,24004213,28679576,0.888441016371,0.997806452927,0.942076444924,0.0579235550763,0.0293619054898,0.00546026203456,0.0,0.0,0.0,0.0244265117448,0.580260723399,0.580260723399,NULL,0.0,NULL,0.0,NULL
9263,Lavidge_APS,N/A,N/A,N/A,N/A,Blocking,15549122,17464836,0.921995871478,0.9932455707,0.965633630914,0.0343663690859,0.0161135781636,0.000203609126361,0.0,6.05216103947e-05,0.0,0.0182917835587,0.54995999131,0.54995999131,NULL,0.0,NULL,0.0,NULL
6643,Lavidge_Cable ONE,N/A,N/A,N/A,N/A,Mixed,12111529,14968540,0.85524922919,0.923688950292,0.946077773784,0.0539222262158,0.0287040018599,0.00014383500328,0.0,0.0,0.0,0.0257957021861,0.51207622093,0.51207622093,NULL,0.0,NULL,0.0,NULL
6631,Lavidge_McDonalds,N/A,N/A,N/A,N/A,Blocking,11860025,17438669,0.692991625687,0.925443163122,0.981395942546,0.0186040574542,0.00741799732537,0.000277314742312,0.0,0.0,0.0,0.0111610008768,0.666413013463,0.666413013463,NULL,0.0,NULL,0.0,NULL
8218,Lavidge_ASU,N/A,N/A,N/A,N/A,Mixed,6824652,7992787,0.891420841842,0.984546066347,0.957801828073,0.0421981719268,0.0147236502111,0.000476304447998,0.0,0.00698667436027,0.0,0.0205423965383,0.571760875133,0.571760875133,NULL,0.0,NULL,0.0,NULL
9350,Lavidge_Sonora Quest,N/A,N/A,N/A,N/A,Blocking,2204225,2540823,0.953974973264,0.998524100262,0.909378181794,0.0906218182061,0.064911251197,0.000478585088375,0.0,0.0,0.0,0.0268641302444,0.583790674727,0.583790674727,NULL,0.0,NULL,0.0,NULL
